asus zenfone 2 laser review - best buy under 10k category  #featured #mobiles,2016-03-16 22:07:06
rt @asus: the new #zenfone 2 lasers osmium black is the new fashion standard. ,2016-03-16 20:01:06
"amit verma is following the interest ""asus zenfone 2 laser"" on  - ",2016-03-16 16:00:16
"better late than never, here's my quick review on the asus zenfone 2 laser! :) ",2016-03-16 15:49:14
photo taken with asus zenfone 2 laser ze601kl (6-inch) asus malaysia #zenfone2laser ,2016-03-16 15:33:46
asus zenfone 2 laser ze551kl wins attention with giant expandable memory  ,2016-03-16 15:10:13
@iamkudimagan zenfone 2 laser 5.5 with 3gb ram may work.. check this out ,2016-03-16 13:13:51
@selvamohandas asus zenfone max or laser 2 which one is best??,2016-03-16 12:49:41
i liked a @youtube video from @asus  camera shootout: iphone 6s plus vs. zenfone 2 laser | asus,2016-03-16 10:04:25
"""untitled"" - taken by asus zenfone 2 laser - #elegantphotograph ",2016-03-16 09:41:57
asus zenfone 2 unlocked laser autofocus dual sims removable battery shop now at newegg business  dea  #promo #coupon,2016-03-16 09:21:35
hot stand pu wallet leather case cover for asus zenfone 2 laser(ze550kl 5.5  ,2016-03-16 09:20:37
mr shield 2-pack privacy  screen protector for asus zenfone 2 laser 5.0 inch  ,2016-03-16 09:11:00
casing softcase/tpu/jelly case asus z... ,2016-03-16 06:29:45
casing iphone 6 style aluminium bumpe... ,2016-03-16 06:09:37
casing rugged dual armor asus zenfone... ,2016-03-16 06:09:15
"asus zenfone 2 laser unlocked smartphone, 3gb ram, 32gb storage - ",2016-03-14 22:58:36
[usd0.97] [eur0.89] [gbp0.69] dog pattern pc protective case for asus zenfone 2 laser / ze500kl 5.0inch ,2016-03-14 19:16:43
"nuovo articolo: tecnotrend.tk : eltd asus zenfone 2 laser 5.0 flip cover, super slim perfect fit premium hard ",2016-03-14 17:45:36
is @asus zenfone laser 2 come without headset? @varunkrish @taruntanu,2016-03-14 16:41:54
"asus zenfone 2 laser ze601kl gold (factory unlocked) 32gb , 6.0 ips ,13mp ",2016-03-14 14:40:02
"asus zenfone 2 laser ze550kl black (factory unlocked) 16gb , 5.5 ,13mp ",2016-03-14 14:35:23
new unlocked asus zenfone 2 laser ze500kl white 8mp android 4g lte cellphone  ,2016-03-14 14:30:00
new unlocked asus zenfone 2 laser ze500kl black 8mp android 4g lte cellphone ,2016-03-14 14:27:18
"asus zenfone 2 laser unlocked smartphone, 3gb ram, 16gb storage ",2016-03-14 14:25:53
asus zenfone 2 laser ze601kl  32gb 6.0 3gb unlocked  gold  fedexship ,2016-03-14 14:20:53
asus zenfone 2 laser ( unlocked ) 6in 4g lte 32gb 13mp dual simgold  ,2016-03-14 14:19:58
"asus zenfone 2 laser ze500kl red (factory unlocked) 16gb , 5.0 ,13mp ",2016-03-14 13:41:36
new asus zenfone 2 laser ze601kl 32gb 6-inch lte dual sim factoryunlocked  ,2016-03-14 13:27:58
asus zenfone 2 laser ze500kl-black-unlocked-16gb-open box  ships fromusa ,2016-03-14 13:09:50
asus zenfone 2 laser is slow? how to speed up for better performance in 5 minutes  ,2016-03-14 12:40:42
check out asus zenfone 2 laser original via @bikroy_com ,2016-03-14 11:29:07
"just saw this on amazon: asus zenfone 2 #laser unlocked #smartphone, 3gb r... for $299.99 .. ",2016-03-14 07:00:47
"asus zenfone 2 laser ze601kl, see what others can't see - #bacayuk #jalan2yuk  #tipsjalanjalan",2016-03-14 04:36:13
double bumper aluminium with backcase... ,2016-03-14 04:08:38
phrodi pod 600 earphone headset iem o... ,2016-03-14 01:12:45
"asus zenfone 2 laser ze500kg: network technology  gsm / hspa launch announced 2015, august status available. r... ",2016-03-14 00:53:05
asus zenfone 2 laser review - best buy under 10k category  #featured #mobiles,2016-03-15 23:23:23
rt @asus: the new #zenfone 2 lasers osmium black is the new fashion standard. ,2016-03-15 18:55:36
"check out this amazon deal: asus zenfone 2 laser unlocked smartphone, 3gb... by asus computers  via @amazon",2016-03-15 17:02:16
the new #zenfone 2 lasers osmium black is the new fashion standard.  ,2016-03-15 13:03:50
the new #zenfone 2 lasers osmium black is the new fashion standard. ,2016-03-15 13:02:45
"asus zenfone 2 laser unlocked smartphone, 3gb ram, 32gb storage - ",2016-03-15 12:00:52
check out asus zenfone 2 laser original via @bikroy_com ,2016-03-15 08:07:45
@geekyranjit do asus zenfone 2 laser get android marshmallow upgrade?,2016-03-15 06:43:53
@rohonnag asus zenfone 2 laser 16 gb is not there in big bang sale. only products showing hot deals on page are part of the sale,2016-03-15 05:18:08
"@infibeam  and fyi, dear morons, ze500kl doesn't come with 3gb ram.  so go make a fool out of someone else!",2016-03-15 05:02:57
@rohonnag find amazon link for the 3 gb phone where price is higher ,2016-03-15 04:52:25
tempered glass giver asus zenfone 2 l... ,2016-03-17 08:22:01
"just saw this on amazon: asus zenfone 2 #laser unlocked #smartphone, 3gb r... for $299.99 .. ",2016-03-17 07:00:46
asus zenfone 2 laser ze551kl wins attention with giant expandable memory  ,2016-03-17 01:16:16
#fco asus zenfone 2 laser 16 gb 4g lte: selling for $200 firm. bought in january 5.5 inch ,2016-03-17 00:22:57
