r,t, ,@,d,o,r,y,:, ,v,o,t,e, ,f,o,r, ,y,o,u,r, ,n,e,x,t, ,p,r,e,s,i,d,e,n,t, ,"
","
",r,t, ,f,o,r, ,d,o,r,y,"
",f,a,v, ,f,o,r, ,d,o,n,a,l,d, ,t,r,u,m,p, ,h,t,t,p,s,:,/,/,t,.,c,o,/,f,p,h,v,m,n,s,f,2,3
p,o,s,i,t,i,v,e
r,t, ,@,b,e,r,n,i,e,s,a,n,d,e,r,s,:, ,t,h,i,s, ,c,a,m,p,a,i,g,n, ,i,s, ,n,o,t, ,a,b,o,u,t, ,b,e,r,n,i,e, ,s,a,n,d,e,r,s,",", ,h,i,l,l,a,r,y, ,c,l,i,n,t,o,n,",", ,o,r, ,d,o,n,a,l,d, ,t,r,u,m,p,., ,t,h,i,s, ,c,a,m,p,a,i,g,n, ,i,s, ,a,b,o,u,t, ,y,o,u,.,"
",h,t,t,p,s,:,/,/,t,.,c,o,/,g,n
n,e,u,t,r,a,l
#,s,a,r,a,h,p,a,l,i,n,a,l,s,o,j,u,s,t,e,n,d,o,r,s,e,d, ,a, ,b,i,g, ,f,a,t, ,c,h,e,c,k, ,f,r,o,m, ,d,o,n,a,l,d, ,t,r,u,m,p,.
n,e,u,t,r,a,l
#,o,u,t,o,f,w,o,r,k, ,t,h,e, ,s,c,o,t,t,i,s,h, ,l,e,f,t, ,w,a,n,t,s, ,t,r,u,m,p, ,o,f,f, ,i,t,s, ,g,r,e,e,n,s,:, ,l,e,f,t,-,w,i,n,g, ,a,l,l,i,a,n,c,e, ,s,t,a,g,e,s, ,p,r,o,t,e,s,t, ,a,t, ,d,o,n,a,l,d, ,t,r,u,m,p,',s, ,a,.,.,., ,h,t,t,p,s,:,/,/,t,.,c,o,/,6,m,z,u,v,g,j,n,z,v
n,e,g,a,t,i,v,e
r,t, ,@,b,e,a,_,k,e,r,:, ,d,o,n,a,l,d, ,t,r,u,m,p,',s, ,c,a,m,p,a,i,g,n, ,i,s, ,b,a,s,i,c,a,l,l,y, ,t,h,a,t, ,t,h,i,n,g, ,w,h,e,r,e, ,y,o,u, ,s,a,y, ,t,h,e, ,w,r,o,n,g, ,a,n,s,w,e,r, ,i,n, ,p,i,c,t,i,o,n,a,r,y, ,t,h,e,n, ,j,u,s,t, ,k,e,e,p, ,s,a,y,i,n,g, ,i,t, ,l,o,u,d,e,r, ,a
n,e,g,a,t,i,v,e
r,t, ,@,s,a,l,o,n,:, ,t,h,e, ,r,e,p,u,b,l,i,c,a,n,s, ,r,e,a,l,l,y, ,d,o,n,t, ,u,n,d,e,r,s,t,a,n,d, ,h,o,w, ,t,h,e,y, ,c,r,e,a,t,e,d, ,d,o,n,a,l,d, ,t,r,u,m,p, ,h,t,t,p,s,:,/,/,t,.,c,o,/,b,2,z,a,o,i,b,0,h,i, ,h,t,t,p,s,:,/,/,t,.,c,o,/,9,x,r,n,e,j,y,a,w,o
n,e,g,a,t,i,v,e
r,t, ,@,c,h,o,o,s,e,b,e,t,w,e,e,n,i,t,:, ,v,o,t,e, ,f,o,r, ,p,r,e,s,i,d,e,n,t,:,"
",r,t, ,f,o,r, ,t,r,o,i,a,n, ,b,e,l,l,i,s,a,r,i,o,"
",l,i,k,e, ,f,o,r, ,d,o,n,a,l,d, ,t,r,u,m,p, ,h,t,t,p,s,:,/,/,t,.,c,o,/,b,d,z,e,v,z,m,g,y,3
p,o,s,i,t,i,v,e
h,a,d, ,a, ,d,r,e,a,m, ,l,a,s,t, ,n,i,g,h,t, ,t,h,a,t, ,i, ,f,o,r,g,o,t, ,t,o, ,g,e,t, ,a, ,d,r,e,s,s, ,a,n,d, ,d,o,n,a,l,d, ,t,r,u,m,p, ,h,e,l,p,e,d, ,m,e, ,l,o,o,k, ,f,o,r, ,o,n,e, ,w,t,f,., ,s,t,i,l,l, ,a,s,t,o,n,i,s,h,e,d, ,a,b,o,u,t, ,i,t,.,.,.,.
n,e,u,t,r,a,l
d,o,n,a,l,d, ,t,r,u,m,p, ,s,h,a,r,p,e,n,s, ,a,t,t,a,c,k, ,a,g,a,i,n,s,t, ,b,e,r,n,i,e, ,s,a,n,d,e,r,s, ,-, ,n,b,c, ,n,e,w,s, ,m,t, ,u,s, ,s,h,o,u,l,d, ,l,i,s,t,e,n, ,t,o, ,t,h,e, ,b,r,i,t,s, ,h,t,t,p,s,:,/,/,t,.,c,o,/,l,k,y,u,0,0,l,v,5,s
n,e,g,a,t,i,v,e
ign defended the businessman's s... https://t.co/xqtjlwnr7i
"#tcot @realdonald trump 
from drudge  
donald trump is poised for the strongest primary performance in modern history https://t.co/tzcaqhss0q"
trump aide: he's a 'person of deep faith': an adviser for donald trump's campaign defended the businessman's s... https://t.co/lgqw6deiof
rt @bea_ker: donald trump's campaign is basically that thing where you say the wrong answer in pictionary then just keep saying it louder a
trump aide: he's a 'person of deep faith': an adviser for donald trump's campaign defended the businessman's s... https://t.co/hozupoaroe
rt @johnpavlovitz: sarah palin endorsing donald trump is about as surprising as e. coli endorsing diarrhea.
rt @rickwtyler: all you need to know; donald trump vs. ted cruz comparison chart! https://t.co/kciuihbatr #
trump aide: he's a 'person of deep faith': an adviser for donald trump's campaign defended the businessman's s... https://t.co/r6d0r5vskh
"rt @foxbusiness: .@sheriffclarke: ""if i'm donald trump, i'd rather have [palin] inside my tent than outside my tent."" https://t.co/eopcclbz"
"rt @dory: vote for your next president 

rt for dory
fav for donald trump https://t.co/fphvmnsf23"
rt @bea_ker: donald trump's campaign is basically that thing where you say the wrong answer in pictionary then just keep saying it louder a
trump aide: he's a 'person of deep faith': an adviser for donald trump's campaign defended the businessman's s... https://t.co/vqpdzt3wd2
aje news : the scottish left wants trump off its greens: left-wing alliance stages protest at donald trump's a... https://t.co/cyt0ftkclh
"best thing i heard today: ""donald trump looks like the bad guy in a film in which the hero is a dog."""
i kind of want donald trump to become president just to see what would happen
rt @juliannamilyn: my boyfriends attire of the day consists of a donald trump shirt. lord help me
rt @classicpict: donald trump v adolf hitler https://t.co/tjbmi50mhx
trump aide: he's a 'person of deep faith': an adviser for donald trump's campaign defen... https://t.co/85q1sooiom https://t.co/pm97olizvh
"rt @dory: vote for your next president 

rt for dory
fav for donald trump https://t.co/fphvmnsf23"
rt @cnnnewsroom: bob dole: @tedcruz worse for gop than @realdonald trump https://t.co/9h6xecgldu via @cnnpolitics https://t.co/20ilcxofas
rt @usaneedstrump: @realdonald trump we love you president donald trump!  #blacks4trump #trump #2a #tcot  only you will keep us citizens saf
"ron paul: donald trump winning gop nomination is ""realistic"" https://t.co/vs2sbbrhho"
"rt @funnyordie: sarah palin fails to make any sense while trying to endorse donald trump for president at a rally in iowa.
https://t.co/l0q"
rt @time: try the donald trump insult generator https://t.co/9kwnysqmx4 https://t.co/hgdxhc2ftp
rt @itsathuglife: sarah palin summed up donald trump supporters better than any of us have been able to... (vine by @dopeitstom) https://t.
trump aide: he's a 'person of deep faith': an adviser for donald trump's campaign defended the businessman's s... https://t.co/uaactuuwek
apparently the only thing donald trump will get out of this election is his own reality show with sarah palin o_o
"donald trump defending mitch mcconnell, you ask? the answer is yes.... #dumptrump https://t.co/edwo0lwmsd"
rt @bea_ker: donald trump's campaign is basically that thing where you say the wrong answer in pictionary then just keep saying it louder a
"rt @dhume: .@thomaswright08: contrary to popular belief, donald trump ""has a remarkably coherent and consistent worldview.""  https://t.co/f"
"rt @berniesanders: this campaign is not about bernie sanders, hillary clinton, or donald trump. this campaign is about you.
https://t.co/gn"
"rt @feminismdaiiy: the ""i'm not voting for donald trump"" starter pack https://t.co/mgwfakgvoz"
rt @kingwillis__: donald trump face look like old elbow skin
then there's this: donald trump floats a pro-abortion vice president https://t.co/wifl9ywggp
"rt @berniesanders: this campaign is not about bernie sanders, hillary clinton, or donald trump. this campaign is about you.
https://t.co/gn"
"trump's hair like ""a sort of furry gas."" philosophers philomena cunk and barry shitpeas on donald trump https://t.co/gc6kakqbbh via @youtube"
