new samsung galaxy s7 edge silver sm-g935t t-mobile - bid now only $636.0,2016-03-17 23:59:58
"coupon deal galaxy s7 costco at&ampt ""value"" deal $118",2016-03-17 23:59:05
i liked a youtube video from mkbhd  samsung galaxy s7 review,2016-03-17 23:58:56
rt mikedopee that samsung galaxy s7 is sexy ,2016-03-17 23:58:47
deals today 82   3-coils qi wireless fast charger stand dock for samsung galaxy s7s7 edg,2016-03-17 23:58:45
"i just entered to win a galaxy s7 or galaxy s7 edge from technobuffalo, c4etech, coldfusion_tv and 28mobilecom",2016-03-17 23:58:19
damn do i get the galaxy s7 or hold out for the lg g5,2016-03-17 23:58:08
liked on youtube samsung galaxy s7 review,2016-03-17 23:58:07
samsung galaxy s7 review,2016-03-17 23:57:55
rt j_rope10 the lil wayne galaxy s7 commercials are my fav ,2016-03-17 23:57:54
rt _kristabanks the galaxy s7 edge commercial w lil wayne just made my day ,2016-03-17 23:57:50
"rt top20sales 90% sale. galaxy s7 screen protector full coverage,yootech 3-pack anti-bubble hd...",2016-03-17 23:57:47
samsung galaxy s7 edge 32gb t-mobile black onyx - new,2016-03-17 23:57:44
rt verge samsungs new galaxy s7 phones are beautiful  by waltmossberg,2016-03-17 23:57:29
rt phonearena here's how you can enable the hidden 'condensed' display mode on the samsung galaxy s7 -,2016-03-17 23:57:13
rt zedomax how to convert microsd into internal storage for galaxy s7 &amp s7 edge adoptable storage  galaxys7 g,2016-03-17 23:57:04
samsungs locked galaxy s7 bootloader has buyers raging,2016-03-17 23:57:01
"rt cnet galaxy s7s7 edge owners, don't let this happen to you. get a case",2016-03-17 23:56:58
rt metropcs its beautiful. its durable. its the samsung galaxy s7 at metropcs click for features info &amp how to purchase.,2016-03-17 23:56:37
rt samsungcanada meet the all-new galaxys7 and galaxys7edge. welcome to the galaxylife,2016-03-17 23:56:31
so samsung waited until i switched to iphone to make the galaxy s7 water resistant,2016-03-17 23:56:29
rt sprint_west the new samsung galaxy s7 and s7 edge are here buy one and get another for 50% off.,2016-03-17 23:56:24
cellphone mobile deal   for samsung galaxy s7 edge real tempered glass full screen prot,2016-03-17 23:56:03
leather wallet cases for samsung galaxy s7,2016-03-17 23:56:01
waterproof case for samsung galaxy s7,2016-03-17 23:56:01
rt girinxprince video 160317 lee kwang soo doing various poses to promote samsung galaxy s7 edge ur preference cr tianchad ig,2016-03-17 23:55:55
rt talkandroid taking screenshots on the samsung galaxy s7 and s7edge,2016-03-17 23:55:52
"i want to win a samsungs7 from donthatethegeek, nfmtweets and samsungmobileus  dhtggalaxy",2016-03-17 23:55:30
"galaxy s7 edge case, wallet case supcase kickstand samsung galaxy s7 edge case 2016 release kickstand... -",2016-03-17 23:55:18
sorteo internacional samsung galaxy s7 edge  sorteogalaxys7edge,2016-03-17 23:55:13
here's how you can enable the hidden 'condensed' display mode on the samsung galaxy s7 -,2016-03-17 23:55:02
rt alexmaxham phone comparisons samsung galaxy s6 edge plus vs samsung galaxy s7 edge,2016-03-17 23:54:41
"galaxy s7 edge case, obliq naked shieldblackmetal kickstand slim fit crystal clear",2016-03-17 23:54:33
"big fan of the galaxy s7, but the android n dev preview reminds me why i love googlenexus and how i'd go crazy not running the latest os.",2016-03-17 23:54:33
galaxy s7 isocell vs sony camera sensor what&amp8217s the difference,2016-03-17 23:54:31
"rt sbsrunningmankr kwang-soo cutest moment at samsung galaxy s7 launch in suria klcc, malaysia today",2016-03-17 23:54:13
rt jevedel elchinosufre chinoyadolfo unboxing samsung galaxy s7 edge,2016-03-17 23:54:08
here's how you can enable the hidden 'condensed' display mode on the samsung galaxy s7 here's what you need t...,2016-03-17 23:54:01
"my recap of the samsungmobileca galaxy s7 launch party at uniunnightclub 

featuring veld",2016-03-15 23:59:55
rt squaretrade our squaretradephonekarma sweepstakes might be the most fun you had trying to win a samsunggalaxys7,2016-03-15 23:59:23
technology update samsung's galaxy s7 phone may be water resistant - cnet,2016-03-15 23:59:20
johnlegere free the galaxy s7s7 edge  freethes7edge bootloadergate,2016-03-15 23:59:15
rt taron my 12 year old brother has a galaxy s7 i didn't even have a phone when i was 12 man what,2016-03-15 23:59:06
samsung galaxy s7 black onyx verizon - bid now only $580.0,2016-03-15 23:59:05
the galaxy s7 is actually amazing if the iphone 7 doesn't match up i'm swapping to android even tho there emojis are dutty &ampiphones are peng,2016-03-15 23:58:58
entered to win a galaxy s7 edge from vrs design  vrsdesign flossycarter galaxys7edge vrsgiveaway,2016-03-15 23:58:46
samsung galaxy s7 review the best and fastest phone of 2016,2016-03-15 23:58:43
what the tech ep. 299  samsung galaxy s7 edge firstimpression,2016-03-15 23:58:39
"i just entered to win a galaxy s7 or galaxy s7 edge from technobuffalo, c4etech, coldfusion_tv and 28mobilecom",2016-03-15 23:58:34
rt mkbhd from the galaxy s7 camera again. classic samsung contrasty and saturated also not my dog.,2016-03-15 23:58:30
