hey caseyneistat would you give me one of your boosted boards or the djiglobal  phantom 3 drone. doesn't look like you need the extra.,2016-03-15 23:16:00
me gust un video de youtube  boosted boards unicorn rescues bear awesome stuff week unwrapped,2016-03-15 22:30:16
boostedboards i want a boosted boards i've been dreaming it so please give me this chance to win the board boostedgreen skateelectric,2016-03-15 21:10:52
"weatherchannel i know boosted boards are great, but ive never thought of this one o great innovation it is ^-^",2016-03-15 20:22:18
hector is trying to be fucking casey so much buying a drone and now getting boosted boards,2016-03-15 18:57:34
introducing boosted boards - the world's lightest electric vehicle  via youtube,2016-03-15 16:05:04
"boosted boards survey, how many will answer caseyneistat  ahah",2016-03-18 17:55:25
rt nathanwin13 so many boosted boards  i'll just take any extras you got boostedboards jessewelle,2016-03-18 04:50:30
sooo.... anyone want to donate me a boosted boards,2016-03-16 20:45:33
forgerockben thanks for reaching out. our boosted boards do not come with a carrying case.,2016-03-16 19:58:30
product - boosted boards,2016-03-16 17:53:21
one of those casey kristen boosted boards are $1000 starting wtf,2016-03-16 17:51:39
casey you have about 4 boosted boards now would you give one away  caseyneistat,2016-03-16 17:28:13
wallstreet over sold out when he went electric skateboard startup boosted boards,2016-03-16 16:00:00
saradietschy boostedboards boosted boards are amazing,2016-03-16 11:49:14
boosted boards make me feel like getting a longboard ,2016-03-16 10:03:49
fakedeveloper_ caseyneistat boostedboards i think its because he likes them boosted boards a lot,2016-03-17 23:47:44
caseyneistat or you could stop buying boosted boards ,2016-03-17 23:08:16
rt nathanwin13 so many boosted boards  i'll just take any extras you got boostedboards jessewelle,2016-03-17 19:44:48
"commodities rally, boosted by weak dollar 17-mar-16 1540 et  $spx",2016-03-17 19:43:38
introducing boosted boards - the world's lightest electric vehicle  via youtube,2016-03-17 19:12:40
"casey neistat has multiple boosted boards, i have multiple surface pens ",2016-03-17 14:24:40
top 5 cheapest electric skateboardsboosted boards 2016,2016-03-17 11:00:02
i added a video to a youtube playlist  top 5 cheapest electric skateboardsboosted boards 2016,2016-03-17 06:25:53
.jessewelle caseyneistat you guys should dress like mario &amp luigi and use boosted boards under mario karts and race each other bfvsgf,2016-03-17 05:52:00
boostedboards thanks for lending jessewelle the boosted boards for him to make more awesome videos. i'm a fan of both of you,2016-03-17 04:35:50
rt james50091 i liked a youtube video from smarttechhq  top 5 cheapest electric skateboardsboosted boards 2016,2016-03-17 04:14:06
jessewelle can u giveaway any of your boosted boards,2016-03-17 03:44:49
boosted boards are so lit i wanna get one,2016-03-17 03:22:42
boosted boards extended range test with one 18650 pack,2016-03-17 02:27:23
i liked a youtube video from smarttechhq  top 5 cheapest electric skateboardsboosted boards 2016,2016-03-17 02:02:51
top 5 cheapest electric skateboardsboosted boards 2016  via youtube,2016-03-17 01:40:28
amazing boosted boards,2016-03-17 00:44:55
sooo.... anyone want to donate me a boosted boards,2016-03-16 20:45:33
forgerockben thanks for reaching out. our boosted boards do not come with a carrying case.,2016-03-16 19:58:30
product - boosted boards,2016-03-16 17:53:21
one of those casey kristen boosted boards are $1000 starting wtf,2016-03-16 17:51:39
casey you have about 4 boosted boards now would you give one away  caseyneistat,2016-03-16 17:28:13
wallstreet over sold out when he went electric skateboard startup boosted boards,2016-03-16 16:00:00
saradietschy boostedboards boosted boards are amazing,2016-03-16 11:49:14
boosted boards make me feel like getting a longboard ,2016-03-16 10:03:49
"boosted boards survey, how many will answer caseyneistat  ahah",2016-03-18 17:55:25
rt nathanwin13 so many boosted boards  i'll just take any extras you got boostedboards jessewelle,2016-03-18 04:50:30
fakedeveloper_ caseyneistat boostedboards i think its because he likes them boosted boards a lot,2016-03-17 23:47:44
caseyneistat or you could stop buying boosted boards ,2016-03-17 23:08:16
rt nathanwin13 so many boosted boards  i'll just take any extras you got boostedboards jessewelle,2016-03-17 19:44:48
"commodities rally, boosted by weak dollar 17-mar-16 1540 et  $spx",2016-03-17 19:43:38
introducing boosted boards - the world's lightest electric vehicle  via youtube,2016-03-17 19:12:40
"casey neistat has multiple boosted boards, i have multiple surface pens ",2016-03-17 14:24:40
top 5 cheapest electric skateboardsboosted boards 2016,2016-03-17 11:00:02
new samsung galaxy s7 edge silver sm-g935t t-mobile - bid now only $636.0,2016-03-17 23:59:58
i liked a youtube video from mkbhd  samsung galaxy s7 review,2016-03-17 23:58:56
rt mikedopee that samsung galaxy s7 is sexy ,2016-03-17 23:58:47
deals today 82   3-coils qi wireless fast charger stand dock for samsung galaxy s7s7 edg,2016-03-17 23:58:45
liked on youtube samsung galaxy s7 review,2016-03-17 23:58:07
samsung galaxy s7 review,2016-03-17 23:57:55
samsung galaxy s7 edge 32gb t-mobile black onyx - new,2016-03-17 23:57:44
rt verge samsungs new galaxy s7 phones are beautiful  by waltmossberg,2016-03-17 23:57:29
rt phonearena here's how you can enable the hidden 'condensed' display mode on the samsung galaxy s7 -,2016-03-17 23:57:13
samsungs locked galaxy s7 bootloader has buyers raging,2016-03-17 23:57:01
rt metropcs its beautiful. its durable. its the samsung galaxy s7 at metropcs click for features info &amp how to purchase.,2016-03-17 23:56:37
rt samsungcanada meet the all-new galaxys7 and galaxys7edge. welcome to the galaxylife,2016-03-17 23:56:31
so samsung waited until i switched to iphone to make the galaxy s7 water resistant,2016-03-17 23:56:29
rt sprint_west the new samsung galaxy s7 and s7 edge are here buy one and get another for 50% off.,2016-03-17 23:56:24
cellphone mobile deal   for samsung galaxy s7 edge real tempered glass full screen prot,2016-03-17 23:56:03
leather wallet cases for samsung galaxy s7,2016-03-17 23:56:01
waterproof case for samsung galaxy s7,2016-03-17 23:56:01
rt girinxprince video 160317 lee kwang soo doing various poses to promote samsung galaxy s7 edge ur preference cr tianchad ig,2016-03-17 23:55:55
rt talkandroid taking screenshots on the samsung galaxy s7 and s7edge,2016-03-17 23:55:52
"i want to win a samsungs7 from donthatethegeek, nfmtweets and samsungmobileus  dhtggalaxy",2016-03-17 23:55:30
"galaxy s7 edge case, wallet case supcase kickstand samsung galaxy s7 edge case 2016 release kickstand... -",2016-03-17 23:55:18
sorteo internacional samsung galaxy s7 edge  sorteogalaxys7edge,2016-03-17 23:55:13
here's how you can enable the hidden 'condensed' display mode on the samsung galaxy s7 -,2016-03-17 23:55:02
rt alexmaxham phone comparisons samsung galaxy s6 edge plus vs samsung galaxy s7 edge,2016-03-17 23:54:41
"galaxy s7 edge case, obliq naked shieldblackmetal kickstand slim fit crystal clear",2016-03-17 23:54:33
"rt sbsrunningmankr kwang-soo cutest moment at samsung galaxy s7 launch in suria klcc, malaysia today",2016-03-17 23:54:13
rt jevedel elchinosufre chinoyadolfo unboxing samsung galaxy s7 edge,2016-03-17 23:54:08
here's how you can enable the hidden 'condensed' display mode on the samsung galaxy s7 here's what you need t...,2016-03-17 23:54:01
rt movilzona samsung galaxy s7 por 369 euros con el plan renove carrefour,2016-03-17 23:53:58
a head-to-head look at the lg g5 and samsung galaxy s7  infoworld,2016-03-17 23:53:46
frenchassnamee_ go with the galaxy s7 yvonne. we can set you up  come take a look ^cr,2016-03-17 23:52:49
i want to win a samsung galaxy s7 from dhtg and nfm. you should enter too,2016-03-17 23:52:42
"i want to win a samsungs7 from donthatethegeek, nfmtweets and samsungmobileus dhtggalaxy",2016-03-17 23:52:27
"bought the samsung galaxy s7 a couple days ago.  a phone's a phone,  but it's a nice one.",2016-03-17 23:52:02
i added a video to a youtube playlist  samsung galaxy s7 edge unboxing &amp impressions,2016-03-17 23:51:53
jnewell513 what are you waiting for you can get a new galaxy s7 right now at sprint. learn more at  ^lp,2016-03-17 23:51:26
"unlocked samsung galaxy s7 32gb goldwhite hkeu spec


smartphones cellphones phones",2016-03-17 23:50:18
samsung galaxy s7  edge video review when evolution isenough,2016-03-18 23:59:24
"i want to win a samsungs7 from donthatethegeek, nfmtweets and samsungmobileus dhtggalaxy",2016-03-18 23:59:23
rt verge samsungs galaxy s7 edge beats the iphone 6s plus in a smartphone camera shootout,2016-03-18 23:58:59
rt ed_techsource what's on my samsung galaxy s7,2016-03-18 23:58:37
beautiful sabeekaimam with uzairjaswal at samsung galaxy s7 edge launch.,2016-03-18 23:58:15
tmobilehelp hi. i was wondering if you guys still have that samsung galaxy s7 buy one get one free promotion,2016-03-18 23:57:49
"tech review samsung galaxy s7, s7 edge  via youtube",2016-03-18 23:57:01
"sorteo samsung galaxy s7 
dale like",2016-03-18 23:56:59
ballistic tough jacket series black case for samsung galaxy s7 - tj1681-a06n,2016-03-18 23:56:01
joemacintosh how to troubleshoot samsung galaxy s7 that wont turn on step-by-step guide  joelikesandroid,2016-03-18 23:55:11
 taken with the galaxy s7 edge s7edge photography samsung light nighttime highway lighttrail...,2016-03-18 23:55:05
"cellular deals  new samsung galaxy s7 edge sm-g935f 32gb gsm unlocked 12mp smartphone

$6",2016-03-18 23:54:16
smartphone camera shootout galaxy s7 edge takes on the iphone 6s plus  via verge,2016-03-18 23:53:54
